model,window,method,policy,residual_residency,nll,hbm_mib,dram_mib
mistral,0,bf16,,,1.7184366836073366,1056.0,0.0
mistral,0,tq2,,,1.83459677263615,142.25048828125,0.0
mistral,0,paged_precision,,0.0,1.8104654776934694,142.25439453125,0.0
mistral,0,paged_precision,sink,0.1,1.8163467456653635,155.75439453125,118.5
mistral,0,paged_precision,recent,0.1,1.7195056437129033,155.75439453125,118.5
mistral,0,paged_precision,attention_ema,0.1,1.7382824032566822,155.75439453125,118.5
mistral,0,paged_precision,sink,0.25,1.8127762531422604,175.25439453125,99.0
mistral,0,paged_precision,recent,0.25,1.7158801353519566,175.25439453125,99.0
mistral,0,paged_precision,attention_ema,0.25,1.7279199381536356,175.25439453125,99.0
mistral,0,paged_precision,sink,0.5,1.7713955415755258,208.25439453125,66.0
mistral,0,paged_precision,recent,0.5,1.7128338829708891,208.25439453125,66.0
mistral,0,paged_precision,attention_ema,0.5,1.7156775869086474,208.25439453125,66.0
mistral,0,tq3,,,1.7272092244548292,208.2509765625,0.0
mistral,0,tq4,,1.0,1.70858958120564,274.251953125,0.0
mistral,1,bf16,,,1.3036857592627396,1056.0,0.0
mistral,1,tq2,,,1.4961258199228098,142.25048828125,0.0
mistral,1,paged_precision,,0.0,1.4773549914489905,142.25439453125,0.0
mistral,1,paged_precision,sink,0.1,1.462666568489965,155.75439453125,118.5
mistral,1,paged_precision,recent,0.1,1.3513372391264475,155.75439453125,118.5
mistral,1,paged_precision,attention_ema,0.1,1.3335032174290937,155.75439453125,118.5
mistral,1,paged_precision,sink,0.25,1.438133792169637,175.25439453125,99.0
mistral,1,paged_precision,recent,0.25,1.3394507716216086,175.25439453125,99.0
mistral,1,paged_precision,attention_ema,0.25,1.3146740473903034,175.25439453125,99.0
mistral,1,paged_precision,sink,0.5,1.423445765531845,208.25439453125,66.0
mistral,1,paged_precision,recent,0.5,1.3404303639078368,208.25439453125,66.0
mistral,1,paged_precision,attention_ema,0.5,1.3176269222638073,208.25439453125,66.0
mistral,1,tq3,,,1.3229964474131712,208.2509765625,0.0
mistral,1,tq4,,1.0,1.3131742821154262,274.251953125,0.0
mistral,2,bf16,,,1.5107125018361245,1056.0,0.0
mistral,2,tq2,,,1.6858668502216005,142.25048828125,0.0
mistral,2,paged_precision,,0.0,1.7020827280567232,142.25439453125,0.0
mistral,2,paged_precision,sink,0.1,1.6847387407265444,155.75439453125,118.5
mistral,2,paged_precision,recent,0.1,1.5590864835943705,155.75439453125,118.5
mistral,2,paged_precision,attention_ema,0.1,1.5351155795533487,155.75439453125,118.5
mistral,2,paged_precision,sink,0.25,1.6876908771906187,175.25439453125,99.0
mistral,2,paged_precision,recent,0.25,1.5442411794203963,175.25439453125,99.0
mistral,2,paged_precision,attention_ema,0.25,1.5239426063060648,175.25439453125,99.0
mistral,2,paged_precision,sink,0.5,1.6700778853413567,208.25439453125,66.0
mistral,2,paged_precision,recent,0.5,1.54840480949413,208.25439453125,66.0
mistral,2,paged_precision,attention_ema,0.5,1.5163666553605566,208.25439453125,66.0
mistral,2,tq3,,,1.5721461251216766,208.2509765625,0.0
mistral,2,tq4,,1.0,1.517084671971702,274.251953125,0.0
mistral,3,bf16,,,1.5519372103231106,1056.0,0.0
mistral,3,tq2,,,1.7767912547248557,142.25048828125,0.0
mistral,3,paged_precision,,0.0,1.8015013758204077,142.25439453125,0.0
mistral,3,paged_precision,sink,0.1,1.772290901615122,155.75439453125,118.5
mistral,3,paged_precision,recent,0.1,1.6002846713650882,155.75439453125,118.5
mistral,3,paged_precision,attention_ema,0.1,1.5741320008455837,155.75439453125,118.5
mistral,3,paged_precision,sink,0.25,1.7704203956995457,175.25439453125,99.0
mistral,3,paged_precision,recent,0.25,1.586253375215101,175.25439453125,99.0
mistral,3,paged_precision,attention_ema,0.25,1.5681939470313004,175.25439453125,99.0
mistral,3,paged_precision,sink,0.5,1.7450972858853788,208.25439453125,66.0
mistral,3,paged_precision,recent,0.5,1.588567021423657,208.25439453125,66.0
mistral,3,paged_precision,attention_ema,0.5,1.562395057794724,208.25439453125,66.0
mistral,3,tq3,,,1.5980776949901312,208.2509765625,0.0
mistral,3,tq4,,1.0,1.5542852969371594,274.251953125,0.0
mistral,4,bf16,,,1.3926588109389293,1056.0,0.0
mistral,4,tq2,,,1.5643883300064232,142.25048828125,0.0
mistral,4,paged_precision,,0.0,1.546253237388818,142.25439453125,0.0
mistral,4,paged_precision,sink,0.1,1.5274744609191941,155.75439453125,118.5
mistral,4,paged_precision,recent,0.1,1.437427138179677,155.75439453125,118.5
mistral,4,paged_precision,attention_ema,0.1,1.4177818411482264,155.75439453125,118.5
mistral,4,paged_precision,sink,0.25,1.5119967259655454,175.25439453125,99.0
mistral,4,paged_precision,recent,0.25,1.4077120645959358,175.25439453125,99.0
mistral,4,paged_precision,attention_ema,0.25,1.405048531492028,175.25439453125,99.0
mistral,4,paged_precision,sink,0.5,1.51169879168404,208.25439453125,66.0
mistral,4,paged_precision,recent,0.5,1.4012223706544429,208.25439453125,66.0
mistral,4,paged_precision,attention_ema,0.5,1.4017667520429882,208.25439453125,66.0
mistral,4,tq3,,,1.4259725868595279,208.2509765625,0.0
mistral,4,tq4,,1.0,1.4037243315459627,274.251953125,0.0
mistral,5,bf16,,,2.127650971985048,1056.0,0.0
mistral,5,tq2,,,2.3761406753276333,142.25048828125,0.0
mistral,5,paged_precision,,0.0,2.3111748748313516,142.25439453125,0.0
mistral,5,paged_precision,sink,0.1,2.3358914031788345,155.75439453125,118.5
mistral,5,paged_precision,recent,0.1,2.18418909372906,155.75439453125,118.5
mistral,5,paged_precision,attention_ema,0.1,2.1555568247339068,155.75439453125,118.5
mistral,5,paged_precision,sink,0.25,2.3602082182181903,175.25439453125,99.0
mistral,5,paged_precision,recent,0.25,2.168181355469983,175.25439453125,99.0
mistral,5,paged_precision,attention_ema,0.25,2.158287988946853,175.25439453125,99.0
mistral,5,paged_precision,sink,0.5,2.335971118207908,208.25439453125,66.0
mistral,5,paged_precision,recent,0.5,2.154339056665492,208.25439453125,66.0
mistral,5,paged_precision,attention_ema,0.5,2.137147929596779,208.25439453125,66.0
mistral,5,tq3,,,2.155715186252735,208.2509765625,0.0
mistral,5,tq4,,1.0,2.127525332295022,274.251953125,0.0
mistral,6,bf16,,,1.9721798962878623,1056.0,0.0
mistral,6,tq2,,,2.144524798003715,142.25048828125,0.0
mistral,6,paged_precision,,0.0,2.171432147697658,142.25439453125,0.0
mistral,6,paged_precision,sink,0.1,2.1305056511639577,155.75439453125,118.5
mistral,6,paged_precision,recent,0.1,1.9829480098525707,155.75439453125,118.5
mistral,6,paged_precision,attention_ema,0.1,1.9845977861314168,155.75439453125,118.5
mistral,6,paged_precision,sink,0.25,2.1420219916252563,175.25439453125,99.0
mistral,6,paged_precision,recent,0.25,1.9833313725813326,175.25439453125,99.0
mistral,6,paged_precision,attention_ema,0.25,1.9864199424001399,175.25439453125,99.0
mistral,6,paged_precision,sink,0.5,2.1171923357083813,208.25439453125,66.0
mistral,6,paged_precision,recent,0.5,1.982922553137243,208.25439453125,66.0
mistral,6,paged_precision,attention_ema,0.5,1.9716988259289892,208.25439453125,66.0
mistral,6,tq3,,,2.0071248283336374,208.2509765625,0.0
mistral,6,tq4,,1.0,1.9652584237546336,274.251953125,0.0
mistral,7,bf16,,,1.1889206642148107,1056.0,0.0
mistral,7,tq2,,,1.4333557850193017,142.25048828125,0.0
mistral,7,paged_precision,,0.0,1.3712995858826318,142.25439453125,0.0
mistral,7,paged_precision,sink,0.1,1.3400786673172291,155.75439453125,118.5
mistral,7,paged_precision,recent,0.1,1.2318064052789612,155.75439453125,118.5
mistral,7,paged_precision,attention_ema,0.1,1.2187648556397956,155.75439453125,118.5
mistral,7,paged_precision,sink,0.25,1.3557431982960324,175.25439453125,99.0
mistral,7,paged_precision,recent,0.25,1.211265753733871,175.25439453125,99.0
mistral,7,paged_precision,attention_ema,0.25,1.2030920237534115,175.25439453125,99.0
mistral,7,paged_precision,sink,0.5,1.344846404339144,208.25439453125,66.0
mistral,7,paged_precision,recent,0.5,1.1965965832363423,208.25439453125,66.0
mistral,7,paged_precision,attention_ema,0.5,1.2028492787128133,208.25439453125,66.0
mistral,7,tq3,,,1.2053331362670932,208.2509765625,0.0
mistral,7,tq4,,1.0,1.1987206121667136,274.251953125,0.0
mistral,8,bf16,,,1.4082341479237348,1056.0,0.0
mistral,8,tq2,,,1.5527077808177978,142.25048828125,0.0
mistral,8,paged_precision,,0.0,1.5194498573920896,142.25439453125,0.0
mistral,8,paged_precision,sink,0.1,1.5263290702339418,155.75439453125,118.5
mistral,8,paged_precision,recent,0.1,1.4768358589048187,155.75439453125,118.5
mistral,8,paged_precision,attention_ema,0.1,1.4531694736835359,155.75439453125,118.5
mistral,8,paged_precision,sink,0.25,1.5215916124791136,175.25439453125,99.0
mistral,8,paged_precision,recent,0.25,1.4462630091488666,175.25439453125,99.0
mistral,8,paged_precision,attention_ema,0.25,1.433026244322507,175.25439453125,99.0
mistral,8,paged_precision,sink,0.5,1.484496647670369,208.25439453125,66.0
mistral,8,paged_precision,recent,0.5,1.4329760843883115,208.25439453125,66.0
mistral,8,paged_precision,attention_ema,0.5,1.421102443123659,208.25439453125,66.0
mistral,8,tq3,,,1.4328530485992186,208.2509765625,0.0
mistral,8,tq4,,1.0,1.412919164551397,274.251953125,0.0
mistral,9,bf16,,,0.9162161051885427,1056.0,0.0
mistral,9,tq2,,,1.0403712410878825,142.25048828125,0.0
mistral,9,paged_precision,,0.0,1.0449936173181982,142.25439453125,0.0
mistral,9,paged_precision,sink,0.1,1.0452482039267466,155.75439453125,118.5
mistral,9,paged_precision,recent,0.1,0.915910911130716,155.75439453125,118.5
mistral,9,paged_precision,attention_ema,0.1,0.9324786054563674,155.75439453125,118.5
mistral,9,paged_precision,sink,0.25,1.0437516805519067,175.25439453125,99.0
mistral,9,paged_precision,recent,0.25,0.9250257285499579,175.25439453125,99.0
mistral,9,paged_precision,attention_ema,0.25,0.9375382135425383,175.25439453125,99.0
mistral,9,paged_precision,sink,0.5,1.0284747506020722,208.25439453125,66.0
mistral,9,paged_precision,recent,0.5,0.9221192486303273,208.25439453125,66.0
mistral,9,paged_precision,attention_ema,0.5,0.9234838307081361,208.25439453125,66.0
mistral,9,tq3,,,0.9355729285300001,208.2509765625,0.0
mistral,9,tq4,,1.0,0.9279645032124151,274.251953125,0.0
mistral,10,bf16,,,1.4860676803840143,1056.0,0.0
mistral,10,tq2,,,1.7170511951499634,142.25048828125,0.0
mistral,10,paged_precision,,0.0,1.6657101576742974,142.25439453125,0.0
mistral,10,paged_precision,sink,0.1,1.6463302819122987,155.75439453125,118.5
mistral,10,paged_precision,recent,0.1,1.526756622876638,155.75439453125,118.5
mistral,10,paged_precision,attention_ema,0.1,1.5057237634037168,155.75439453125,118.5
mistral,10,paged_precision,sink,0.25,1.627587170497037,175.25439453125,99.0
mistral,10,paged_precision,recent,0.25,1.5229817940388202,175.25439453125,99.0
mistral,10,paged_precision,attention_ema,0.25,1.5069628398891375,175.25439453125,99.0
mistral,10,paged_precision,sink,0.5,1.624389758566366,208.25439453125,66.0
mistral,10,paged_precision,recent,0.5,1.513009296868299,208.25439453125,66.0
mistral,10,paged_precision,attention_ema,0.5,1.500733273575932,208.25439453125,66.0
mistral,10,tq3,,,1.5243166302369104,208.2509765625,0.0
mistral,10,tq4,,1.0,1.4890783772891893,274.251953125,0.0
mistral,11,bf16,,,1.9128068347659664,1056.0,0.0
mistral,11,tq2,,,2.1571701562199763,142.25048828125,0.0
mistral,11,paged_precision,,0.0,2.1699297879736292,142.25439453125,0.0
mistral,11,paged_precision,sink,0.1,2.0639470471665433,155.75439453125,118.5
mistral,11,paged_precision,recent,0.1,1.9463206499474381,155.75439453125,118.5
mistral,11,paged_precision,attention_ema,0.1,1.9274139818123857,155.75439453125,118.5
mistral,11,paged_precision,sink,0.25,2.0933722147742806,175.25439453125,99.0
mistral,11,paged_precision,recent,0.25,1.9358862249871152,175.25439453125,99.0
mistral,11,paged_precision,attention_ema,0.25,1.9359934657781253,175.25439453125,99.0
mistral,11,paged_precision,sink,0.5,2.126430247323846,208.25439453125,66.0
mistral,11,paged_precision,recent,0.5,1.9350923804024518,208.25439453125,66.0
mistral,11,paged_precision,attention_ema,0.5,1.918282485908712,208.25439453125,66.0
mistral,11,tq3,,,1.9291444299175176,208.2509765625,0.0
mistral,11,tq4,,1.0,1.9183108736731356,274.251953125,0.0
mistral,12,bf16,,,1.8213830133044695,1056.0,0.0
mistral,12,tq2,,,2.1013361940444995,142.25048828125,0.0
mistral,12,paged_precision,,0.0,2.0538217259638714,142.25439453125,0.0
mistral,12,paged_precision,sink,0.1,2.033161382910407,155.75439453125,118.5
mistral,12,paged_precision,recent,0.1,1.899458476683236,155.75439453125,118.5
mistral,12,paged_precision,attention_ema,0.1,1.881057995957967,155.75439453125,118.5
mistral,12,paged_precision,sink,0.25,2.0221554845505807,175.25439453125,99.0
mistral,12,paged_precision,recent,0.25,1.888398576858691,175.25439453125,99.0
mistral,12,paged_precision,attention_ema,0.25,1.8597398594252041,175.25439453125,99.0
mistral,12,paged_precision,sink,0.5,2.001171386967428,208.25439453125,66.0
mistral,12,paged_precision,recent,0.5,1.87686953894557,208.25439453125,66.0
mistral,12,paged_precision,attention_ema,0.5,1.8608337806213768,208.25439453125,66.0
mistral,12,tq3,,,1.8524300533431557,208.2509765625,0.0
mistral,12,tq4,,1.0,1.8235236366593597,274.251953125,0.0
mistral,13,bf16,,,1.7630028039341532,1056.0,0.0
mistral,13,tq2,,,1.846915511854121,142.25048828125,0.0
mistral,13,paged_precision,,0.0,1.8928010060890017,142.25439453125,0.0
mistral,13,paged_precision,sink,0.1,1.886339473300211,155.75439453125,118.5
mistral,13,paged_precision,recent,0.1,1.7705588724247505,155.75439453125,118.5
mistral,13,paged_precision,attention_ema,0.1,1.779020598608998,155.75439453125,118.5
mistral,13,paged_precision,sink,0.25,1.8558147482555185,175.25439453125,99.0
mistral,13,paged_precision,recent,0.25,1.7599788828010148,175.25439453125,99.0
mistral,13,paged_precision,attention_ema,0.25,1.7587239642094552,175.25439453125,99.0
mistral,13,paged_precision,sink,0.5,1.8666848761211554,208.25439453125,66.0
mistral,13,paged_precision,recent,0.5,1.7512487572372564,208.25439453125,66.0
mistral,13,paged_precision,attention_ema,0.5,1.7632055827058721,208.25439453125,66.0
mistral,13,tq3,,,1.764154899580376,208.2509765625,0.0
mistral,13,tq4,,1.0,1.7604097360877518,274.251953125,0.0
mistral,14,bf16,,,1.1912683770462582,1056.0,0.0
mistral,14,tq2,,,1.3358128022606763,142.25048828125,0.0
mistral,14,paged_precision,,0.0,1.3498764808600754,142.25439453125,0.0
mistral,14,paged_precision,sink,0.1,1.3258216759072639,155.75439453125,118.5
mistral,14,paged_precision,recent,0.1,1.2220937381694377,155.75439453125,118.5
mistral,14,paged_precision,attention_ema,0.1,1.205740164786743,155.75439453125,118.5
mistral,14,paged_precision,sink,0.25,1.3063337810334588,175.25439453125,99.0
mistral,14,paged_precision,recent,0.25,1.2226331632663587,175.25439453125,99.0
mistral,14,paged_precision,attention_ema,0.25,1.207143597864988,175.25439453125,99.0
mistral,14,paged_precision,sink,0.5,1.3127114992123552,208.25439453125,66.0
mistral,14,paged_precision,recent,0.5,1.1942596701483907,208.25439453125,66.0
mistral,14,paged_precision,attention_ema,0.5,1.1942501555083442,208.25439453125,66.0
mistral,14,tq3,,,1.2077802671778262,208.2509765625,0.0
mistral,14,tq4,,1.0,1.1913108591191648,274.251953125,0.0
mistral,15,bf16,,,1.574067331111241,1056.0,0.0
mistral,15,tq2,,,1.744193929334756,142.25048828125,0.0
mistral,15,paged_precision,,0.0,1.759786859598023,142.25439453125,0.0
mistral,15,paged_precision,sink,0.1,1.7320563072030666,155.75439453125,118.5
mistral,15,paged_precision,recent,0.1,1.602605046770302,155.75439453125,118.5
mistral,15,paged_precision,attention_ema,0.1,1.6114966918749438,155.75439453125,118.5
mistral,15,paged_precision,sink,0.25,1.7157749963569984,175.25439453125,99.0
mistral,15,paged_precision,recent,0.25,1.5942336855807682,175.25439453125,99.0
mistral,15,paged_precision,attention_ema,0.25,1.60489970377348,175.25439453125,99.0
mistral,15,paged_precision,sink,0.5,1.7404049773979295,208.25439453125,66.0
mistral,15,paged_precision,recent,0.5,1.5812009858115843,208.25439453125,66.0
mistral,15,paged_precision,attention_ema,0.5,1.5879626113627978,208.25439453125,66.0
mistral,15,tq3,,,1.6023177520531284,208.2509765625,0.0
mistral,15,tq4,,1.0,1.5800085263863899,274.251953125,0.0
mistral,16,bf16,,,2.270019519700483,1056.0,0.0
mistral,16,tq2,,,2.4991352132452107,142.25048828125,0.0
mistral,16,paged_precision,,0.0,2.470252389518407,142.25439453125,0.0
mistral,16,paged_precision,sink,0.1,2.4589072028012993,155.75439453125,118.5
mistral,16,paged_precision,recent,0.1,2.3656133425884533,155.75439453125,118.5
mistral,16,paged_precision,attention_ema,0.1,2.3455565038402035,155.75439453125,118.5
mistral,16,paged_precision,sink,0.25,2.421281822229105,175.25439453125,99.0
mistral,16,paged_precision,recent,0.25,2.3785309302753994,175.25439453125,99.0
mistral,16,paged_precision,attention_ema,0.25,2.3159064235786566,175.25439453125,99.0
mistral,16,paged_precision,sink,0.5,2.3728206216484296,208.25439453125,66.0
mistral,16,paged_precision,recent,0.5,2.3551309885838663,208.25439453125,66.0
mistral,16,paged_precision,attention_ema,0.5,2.31508785522945,208.25439453125,66.0
mistral,16,tq3,,,2.312635279027262,208.2509765625,0.0
mistral,16,tq4,,1.0,2.276107013220173,274.251953125,0.0
mistral,17,bf16,,,1.1247416842651976,1056.0,0.0
mistral,17,tq2,,,1.2931827205159152,142.25048828125,0.0
mistral,17,paged_precision,,0.0,1.2944471928548182,142.25439453125,0.0
mistral,17,paged_precision,sink,0.1,1.2576663430757975,155.75439453125,118.5
mistral,17,paged_precision,recent,0.1,1.148030340289183,155.75439453125,118.5
mistral,17,paged_precision,attention_ema,0.1,1.14285386825952,155.75439453125,118.5
mistral,17,paged_precision,sink,0.25,1.2672721639497695,175.25439453125,99.0
mistral,17,paged_precision,recent,0.25,1.1653418716406856,175.25439453125,99.0
mistral,17,paged_precision,attention_ema,0.25,1.1418417511338905,175.25439453125,99.0
mistral,17,paged_precision,sink,0.5,1.2384800218719647,208.25439453125,66.0
mistral,17,paged_precision,recent,0.5,1.1594233109650194,208.25439453125,66.0
mistral,17,paged_precision,attention_ema,0.5,1.1537620063396083,208.25439453125,66.0
mistral,17,tq3,,,1.1414181450282008,208.2509765625,0.0
mistral,17,tq4,,1.0,1.1421228616484251,274.251953125,0.0
mistral,18,bf16,,,1.9854381395789744,1056.0,0.0
mistral,18,tq2,,,2.2379365044516817,142.25048828125,0.0
mistral,18,paged_precision,,0.0,2.269906270598284,142.25439453125,0.0
mistral,18,paged_precision,sink,0.1,2.2398489619131396,155.75439453125,118.5
mistral,18,paged_precision,recent,0.1,1.9993526487927369,155.75439453125,118.5
mistral,18,paged_precision,attention_ema,0.1,2.0035663878089167,155.75439453125,118.5
mistral,18,paged_precision,sink,0.25,2.2268992766457245,175.25439453125,99.0
mistral,18,paged_precision,recent,0.25,1.999676975292715,175.25439453125,99.0
mistral,18,paged_precision,attention_ema,0.25,2.0099631803208453,175.25439453125,99.0
mistral,18,paged_precision,sink,0.5,2.2286509910352947,208.25439453125,66.0
mistral,18,paged_precision,recent,0.5,2.002259397301259,208.25439453125,66.0
mistral,18,paged_precision,attention_ema,0.5,1.986358463720208,208.25439453125,66.0
mistral,18,tq3,,,1.977077016163399,208.2509765625,0.0
mistral,18,tq4,,1.0,1.9925407604086587,274.251953125,0.0
mistral,19,bf16,,,1.3805679950113605,1056.0,0.0
mistral,19,tq2,,,1.5071340308436163,142.25048828125,0.0
mistral,19,paged_precision,,0.0,1.5504937825340548,142.25439453125,0.0
mistral,19,paged_precision,sink,0.1,1.4996997433432568,155.75439453125,118.5
mistral,19,paged_precision,recent,0.1,1.3926498542289787,155.75439453125,118.5
mistral,19,paged_precision,attention_ema,0.1,1.394613732094819,155.75439453125,118.5
mistral,19,paged_precision,sink,0.25,1.4943534676428811,175.25439453125,99.0
mistral,19,paged_precision,recent,0.25,1.3846084253018294,175.25439453125,99.0
mistral,19,paged_precision,attention_ema,0.25,1.3987392561410297,175.25439453125,99.0
mistral,19,paged_precision,sink,0.5,1.4704868591426044,208.25439453125,66.0
mistral,19,paged_precision,recent,0.5,1.395015237105833,208.25439453125,66.0
mistral,19,paged_precision,attention_ema,0.5,1.3900109943922048,208.25439453125,66.0
mistral,19,tq3,,,1.3988132470569044,208.2509765625,0.0
mistral,19,tq4,,1.0,1.3906614827366646,274.251953125,0.0
mistral,20,bf16,,,1.5474208309231638,1056.0,0.0
mistral,20,tq2,,,1.7943568248082897,142.25048828125,0.0
mistral,20,paged_precision,,0.0,1.754078343169681,142.25439453125,0.0
mistral,20,paged_precision,sink,0.1,1.7305406342439795,155.75439453125,118.5
mistral,20,paged_precision,recent,0.1,1.5771975912080691,155.75439453125,118.5
mistral,20,paged_precision,attention_ema,0.1,1.5739482917272287,155.75439453125,118.5
mistral,20,paged_precision,sink,0.25,1.6875437472974824,175.25439453125,99.0
mistral,20,paged_precision,recent,0.25,1.5713718628024527,175.25439453125,99.0
mistral,20,paged_precision,attention_ema,0.25,1.5698457485665944,175.25439453125,99.0
mistral,20,paged_precision,sink,0.5,1.668478589861607,208.25439453125,66.0
mistral,20,paged_precision,recent,0.5,1.5681807177420204,208.25439453125,66.0
mistral,20,paged_precision,attention_ema,0.5,1.565943048846135,208.25439453125,66.0
mistral,20,tq3,,,1.5708598440558106,208.2509765625,0.0
mistral,20,tq4,,1.0,1.5455498964765084,274.251953125,0.0
mistral,21,bf16,,,0.9508563377103698,1056.0,0.0
mistral,21,tq2,,,1.0774401830801708,142.25048828125,0.0
mistral,21,paged_precision,,0.0,1.0669107205367254,142.25439453125,0.0
mistral,21,paged_precision,sink,0.1,1.1061026905013591,155.75439453125,118.5
mistral,21,paged_precision,recent,0.1,0.9812354610972989,155.75439453125,118.5
mistral,21,paged_precision,attention_ema,0.1,0.969151302757858,155.75439453125,118.5
mistral,21,paged_precision,sink,0.25,1.089617550996195,175.25439453125,99.0
mistral,21,paged_precision,recent,0.25,0.9692862901986672,175.25439453125,99.0
mistral,21,paged_precision,attention_ema,0.25,0.965946312153882,175.25439453125,99.0
mistral,21,paged_precision,sink,0.5,1.0701318422927102,208.25439453125,66.0
mistral,21,paged_precision,recent,0.5,0.9572789182253558,208.25439453125,66.0
mistral,21,paged_precision,attention_ema,0.5,0.9571746211889831,208.25439453125,66.0
mistral,21,tq3,,,0.9680892675387298,208.2509765625,0.0
mistral,21,tq4,,1.0,0.9568985330806896,274.251953125,0.0
mistral,22,bf16,,,1.57545449201373,1056.0,0.0
mistral,22,tq2,,,1.719358192562197,142.25048828125,0.0
mistral,22,paged_precision,,0.0,1.775650639268349,142.25439453125,0.0
mistral,22,paged_precision,sink,0.1,1.7267040712143285,155.75439453125,118.5
mistral,22,paged_precision,recent,0.1,1.5888052496900755,155.75439453125,118.5
mistral,22,paged_precision,attention_ema,0.1,1.5956510489417575,155.75439453125,118.5
mistral,22,paged_precision,sink,0.25,1.7188714545972061,175.25439453125,99.0
mistral,22,paged_precision,recent,0.25,1.584997430923437,175.25439453125,99.0
mistral,22,paged_precision,attention_ema,0.25,1.5841153829790535,175.25439453125,99.0
mistral,22,paged_precision,sink,0.5,1.7194284444026238,208.25439453125,66.0
mistral,22,paged_precision,recent,0.5,1.5781668539012657,208.25439453125,66.0
mistral,22,paged_precision,attention_ema,0.5,1.587964139861814,208.25439453125,66.0
mistral,22,tq3,,,1.586309769647574,208.2509765625,0.0
mistral,22,tq4,,1.0,1.5818333189310003,274.251953125,0.0
mistral,23,bf16,,,1.7597330254386918,1056.0,0.0
mistral,23,tq2,,,1.9641165650089079,142.25048828125,0.0
mistral,23,paged_precision,,0.0,1.962766898408404,142.25439453125,0.0
mistral,23,paged_precision,sink,0.1,1.9306469352063687,155.75439453125,118.5
mistral,23,paged_precision,recent,0.1,1.8391792268668326,155.75439453125,118.5
mistral,23,paged_precision,attention_ema,0.1,1.7826329058958237,155.75439453125,118.5
mistral,23,paged_precision,sink,0.25,1.896127850710002,175.25439453125,99.0
mistral,23,paged_precision,recent,0.25,1.8320337434111735,175.25439453125,99.0
mistral,23,paged_precision,attention_ema,0.25,1.7708684220247335,175.25439453125,99.0
mistral,23,paged_precision,sink,0.5,1.8833697672075118,208.25439453125,66.0
mistral,23,paged_precision,recent,0.5,1.8018208186476699,208.25439453125,66.0
mistral,23,paged_precision,attention_ema,0.5,1.7661949667053989,208.25439453125,66.0
mistral,23,tq3,,,1.8146118092373342,208.2509765625,0.0
mistral,23,tq4,,1.0,1.7652667239682103,274.251953125,0.0
mistral,24,bf16,,,2.2005444252507074,1056.0,0.0
mistral,24,tq2,,,2.4006229689827308,142.25048828125,0.0
mistral,24,paged_precision,,0.0,2.4094655810020527,142.25439453125,0.0
mistral,24,paged_precision,sink,0.1,2.3726476683672786,155.75439453125,118.5
mistral,24,paged_precision,recent,0.1,2.2446448466937774,155.75439453125,118.5
mistral,24,paged_precision,attention_ema,0.1,2.2386370314097395,155.75439453125,118.5
mistral,24,paged_precision,sink,0.25,2.359799894412788,175.25439453125,99.0
mistral,24,paged_precision,recent,0.25,2.229400907756311,175.25439453125,99.0
mistral,24,paged_precision,attention_ema,0.25,2.225251535853105,175.25439453125,99.0
mistral,24,paged_precision,sink,0.5,2.3501839163312894,208.25439453125,66.0
mistral,24,paged_precision,recent,0.5,2.223306757590148,208.25439453125,66.0
mistral,24,paged_precision,attention_ema,0.5,2.2199877739024734,208.25439453125,66.0
mistral,24,tq3,,,2.2164753329767617,208.2509765625,0.0
mistral,24,tq4,,1.0,2.1965937590940428,274.251953125,0.0
mistral,25,bf16,,,2.1782246326230013,1056.0,0.0
mistral,25,tq2,,,2.362154062424082,142.25048828125,0.0
mistral,25,paged_precision,,0.0,2.3164525826587408,142.25439453125,0.0
mistral,25,paged_precision,sink,0.1,2.325147996427603,155.75439453125,118.5
mistral,25,paged_precision,recent,0.1,2.2181724309153026,155.75439453125,118.5
mistral,25,paged_precision,attention_ema,0.1,2.206723231112072,155.75439453125,118.5
mistral,25,paged_precision,sink,0.25,2.3261036214641706,175.25439453125,99.0
mistral,25,paged_precision,recent,0.25,2.2026998280850023,175.25439453125,99.0
mistral,25,paged_precision,attention_ema,0.25,2.19040164588219,175.25439453125,99.0
mistral,25,paged_precision,sink,0.5,2.2907347421888176,208.25439453125,66.0
mistral,25,paged_precision,recent,0.5,2.1998502629577743,208.25439453125,66.0
mistral,25,paged_precision,attention_ema,0.5,2.183128577005519,208.25439453125,66.0
mistral,25,tq3,,,2.1763873105899023,208.2509765625,0.0
mistral,25,tq4,,1.0,2.173271012339601,274.251953125,0.0
mistral,26,bf16,,,1.4883260219483336,1056.0,0.0
mistral,26,tq2,,,1.8068745996228444,142.25048828125,0.0
mistral,26,paged_precision,,0.0,1.8471235304618858,142.25439453125,0.0
mistral,26,paged_precision,sink,0.1,1.812012551454579,155.75439453125,118.5
mistral,26,paged_precision,recent,0.1,1.5617034817581903,155.75439453125,118.5
mistral,26,paged_precision,attention_ema,0.1,1.5338838969792885,155.75439453125,118.5
mistral,26,paged_precision,sink,0.25,1.8235122129447063,175.25439453125,99.0
mistral,26,paged_precision,recent,0.25,1.5459034306468702,175.25439453125,99.0
mistral,26,paged_precision,attention_ema,0.25,1.5207874693047767,175.25439453125,99.0
mistral,26,paged_precision,sink,0.5,1.7782098676175764,208.25439453125,66.0
mistral,26,paged_precision,recent,0.5,1.525721680773092,208.25439453125,66.0
mistral,26,paged_precision,attention_ema,0.5,1.5158013640695085,208.25439453125,66.0
mistral,26,tq3,,,1.5663255394996245,208.2509765625,0.0
mistral,26,tq4,,1.0,1.500781202647394,274.251953125,0.0
mistral,27,bf16,,,1.7974595979714074,1056.0,0.0
mistral,27,tq2,,,2.1111054606872415,142.25048828125,0.0
mistral,27,paged_precision,,0.0,2.10823129130884,142.25439453125,0.0
mistral,27,paged_precision,sink,0.1,2.037772472037574,155.75439453125,118.5
mistral,27,paged_precision,recent,0.1,1.8421042578967644,155.75439453125,118.5
mistral,27,paged_precision,attention_ema,0.1,1.8563815342871237,155.75439453125,118.5
mistral,27,paged_precision,sink,0.25,2.071216727207286,175.25439453125,99.0
mistral,27,paged_precision,recent,0.25,1.8390018182484553,175.25439453125,99.0
mistral,27,paged_precision,attention_ema,0.25,1.8375930269538685,175.25439453125,99.0
mistral,27,paged_precision,sink,0.5,1.9929530342763258,208.25439453125,66.0
mistral,27,paged_precision,recent,0.5,1.8302777252340299,208.25439453125,66.0
mistral,27,paged_precision,attention_ema,0.5,1.8213531522170925,208.25439453125,66.0
mistral,27,tq3,,,1.8410562501781058,208.2509765625,0.0
mistral,27,tq4,,1.0,1.8130688421951717,274.251953125,0.0
mistral,28,bf16,,,1.2809058891685012,1056.0,0.0
mistral,28,tq2,,,1.5439989362460835,142.25048828125,0.0
mistral,28,paged_precision,,0.0,1.4966671505677027,142.25439453125,0.0
mistral,28,paged_precision,sink,0.1,1.4635122365961735,155.75439453125,118.5
mistral,28,paged_precision,recent,0.1,1.3668374490990303,155.75439453125,118.5
mistral,28,paged_precision,attention_ema,0.1,1.340325316683769,155.75439453125,118.5
mistral,28,paged_precision,sink,0.25,1.439171270708627,175.25439453125,99.0
mistral,28,paged_precision,recent,0.25,1.3573863453334987,175.25439453125,99.0
mistral,28,paged_precision,attention_ema,0.25,1.3086895305097883,175.25439453125,99.0
mistral,28,paged_precision,sink,0.5,1.4106264936662427,208.25439453125,66.0
mistral,28,paged_precision,recent,0.5,1.3467657105417068,208.25439453125,66.0
mistral,28,paged_precision,attention_ema,0.5,1.3012812458441054,208.25439453125,66.0
mistral,28,tq3,,,1.3108511253712791,208.2509765625,0.0
mistral,28,tq4,,1.0,1.302837014597511,274.251953125,0.0
mistral,29,bf16,,,1.7587696848532204,1056.0,0.0
mistral,29,tq2,,,2.1334130806516924,142.25048828125,0.0
mistral,29,paged_precision,,0.0,2.139487708057345,142.25439453125,0.0
mistral,29,paged_precision,sink,0.1,2.1032229705550662,155.75439453125,118.5
mistral,29,paged_precision,recent,0.1,1.8843371829970792,155.75439453125,118.5
mistral,29,paged_precision,attention_ema,0.1,1.8365034582739277,155.75439453125,118.5
mistral,29,paged_precision,sink,0.25,2.082740094416792,175.25439453125,99.0
mistral,29,paged_precision,recent,0.25,1.857635506500614,175.25439453125,99.0
mistral,29,paged_precision,attention_ema,0.25,1.8224201753697216,175.25439453125,99.0
mistral,29,paged_precision,sink,0.5,2.0329616054532664,208.25439453125,66.0
mistral,29,paged_precision,recent,0.5,1.8649569564712607,208.25439453125,66.0
mistral,29,paged_precision,attention_ema,0.5,1.8034368713526021,208.25439453125,66.0
mistral,29,tq3,,,1.8652442258524502,208.2509765625,0.0
mistral,29,tq4,,1.0,1.7779482672098794,274.251953125,0.0
llama,0,bf16,,,1.0253891928716632,1056.0,0.0
llama,0,tq2,,,1.2417042293021723,142.25048828125,0.0
llama,0,paged_precision,,0.0,1.2734089690256383,142.25439453125,0.0
llama,0,paged_precision,sink,0.1,1.2367372367044567,155.75439453125,118.5
llama,0,paged_precision,recent,0.1,1.0534267629168355,155.75439453125,118.5
llama,0,paged_precision,attention_ema,0.1,1.0426279000409764,155.75439453125,118.5
llama,0,paged_precision,sink,0.25,1.2087855919070023,175.25439453125,99.0
llama,0,paged_precision,recent,0.25,1.0413457218478648,175.25439453125,99.0
llama,0,paged_precision,attention_ema,0.25,1.0382262069201502,175.25439453125,99.0
llama,0,paged_precision,sink,0.5,1.2122629643831004,208.25439453125,66.0
llama,0,paged_precision,recent,0.5,1.0380085766413298,208.25439453125,66.0
llama,0,paged_precision,attention_ema,0.5,1.0364071297525026,208.25439453125,66.0
llama,0,tq3,,,1.07044563638987,208.2509765625,0.0
llama,0,tq4,,1.0,1.0317004958703695,274.251953125,0.0
llama,1,bf16,,,1.851420698688088,1056.0,0.0
llama,1,tq2,,,2.3066195096391766,142.25048828125,0.0
llama,1,paged_precision,,0.0,2.258533756844372,142.25439453125,0.0
llama,1,paged_precision,sink,0.1,2.2171712373890387,155.75439453125,118.5
llama,1,paged_precision,recent,0.1,1.9058551304499929,155.75439453125,118.5
llama,1,paged_precision,attention_ema,0.1,1.8594567000700977,155.75439453125,118.5
llama,1,paged_precision,sink,0.25,2.184092180865491,175.25439453125,99.0
llama,1,paged_precision,recent,0.25,1.8753646578460348,175.25439453125,99.0
llama,1,paged_precision,attention_ema,0.25,1.8600785087817258,175.25439453125,99.0
llama,1,paged_precision,sink,0.5,2.175126693924085,208.25439453125,66.0
llama,1,paged_precision,recent,0.5,1.8578782617819911,208.25439453125,66.0
llama,1,paged_precision,attention_ema,0.5,1.845658781934219,208.25439453125,66.0
llama,1,tq3,,,1.9052303789717087,208.2509765625,0.0
llama,1,tq4,,1.0,1.854758694999319,274.251953125,0.0
llama,2,bf16,,,1.901987885841808,1056.0,0.0
llama,2,tq2,,,2.258617265898465,142.25048828125,0.0
llama,2,paged_precision,,0.0,2.2610116841860872,142.25439453125,0.0
llama,2,paged_precision,sink,0.1,2.200164154979916,155.75439453125,118.5
llama,2,paged_precision,recent,0.1,1.9333939525123078,155.75439453125,118.5
llama,2,paged_precision,attention_ema,0.1,1.9243409431827843,155.75439453125,118.5
llama,2,paged_precision,sink,0.25,2.163505425748667,175.25439453125,99.0
llama,2,paged_precision,recent,0.25,1.9582223264220815,175.25439453125,99.0
llama,2,paged_precision,attention_ema,0.25,1.9177967359402075,175.25439453125,99.0
llama,2,paged_precision,sink,0.5,2.136362376556008,208.25439453125,66.0
llama,2,paged_precision,recent,0.5,1.9364224186074832,208.25439453125,66.0
llama,2,paged_precision,attention_ema,0.5,1.9066883813855424,208.25439453125,66.0
llama,2,tq3,,,1.9306341105856024,208.2509765625,0.0
llama,2,tq4,,1.0,1.91052124350121,274.251953125,0.0
llama,3,bf16,,,1.706919097301876,1056.0,0.0
llama,3,tq2,,,1.9775264490904192,142.25048828125,0.0
llama,3,paged_precision,,0.0,1.9961141699445761,142.25439453125,0.0
llama,3,paged_precision,sink,0.1,1.9141815482944367,155.75439453125,118.5
llama,3,paged_precision,recent,0.1,1.7506123408416485,155.75439453125,118.5
llama,3,paged_precision,attention_ema,0.1,1.7068031166085476,155.75439453125,118.5
llama,3,paged_precision,sink,0.25,1.8831718721673951,175.25439453125,99.0
llama,3,paged_precision,recent,0.25,1.7491226340983843,175.25439453125,99.0
llama,3,paged_precision,attention_ema,0.25,1.699824214917106,175.25439453125,99.0
llama,3,paged_precision,sink,0.5,1.8680173123527766,208.25439453125,66.0
llama,3,paged_precision,recent,0.5,1.7298793375846344,208.25439453125,66.0
llama,3,paged_precision,attention_ema,0.5,1.7186681544294231,208.25439453125,66.0
llama,3,tq3,,,1.7416317263019039,208.2509765625,0.0
llama,3,tq4,,1.0,1.7203012842772196,274.251953125,0.0
llama,4,bf16,,,1.9578052653189388,1056.0,0.0
llama,4,tq2,,,2.5323126483826854,142.25048828125,0.0
llama,4,paged_precision,,0.0,2.5788942925510128,142.25439453125,0.0
llama,4,paged_precision,sink,0.1,2.4914625850997254,155.75439453125,118.5
llama,4,paged_precision,recent,0.1,2.0490265748657492,155.75439453125,118.5
llama,4,paged_precision,attention_ema,0.1,1.9941497756544493,155.75439453125,118.5
llama,4,paged_precision,sink,0.25,2.412989388850292,175.25439453125,99.0
llama,4,paged_precision,recent,0.25,2.0426878388147998,175.25439453125,99.0
llama,4,paged_precision,attention_ema,0.25,1.9807044924969333,175.25439453125,99.0
llama,4,paged_precision,sink,0.5,2.4022547750710146,208.25439453125,66.0
llama,4,paged_precision,recent,0.5,2.0375895860334765,208.25439453125,66.0
llama,4,paged_precision,attention_ema,0.5,1.9956110167124947,208.25439453125,66.0
llama,4,tq3,,,2.0438329570750113,208.2509765625,0.0
llama,4,tq4,,1.0,1.9834369675249093,274.251953125,0.0
llama,5,bf16,,,1.9358412762747825,1056.0,0.0
llama,5,tq2,,,2.139298191727619,142.25048828125,0.0
llama,5,paged_precision,,0.0,2.1265395780672804,142.25439453125,0.0
llama,5,paged_precision,sink,0.1,2.15113172778905,155.75439453125,118.5
llama,5,paged_precision,recent,0.1,1.9752916084271632,155.75439453125,118.5
llama,5,paged_precision,attention_ema,0.1,1.95208373304256,155.75439453125,118.5
llama,5,paged_precision,sink,0.25,2.115363840840473,175.25439453125,99.0
llama,5,paged_precision,recent,0.25,1.9589194106197176,175.25439453125,99.0
llama,5,paged_precision,attention_ema,0.25,1.939973381615797,175.25439453125,99.0
llama,5,paged_precision,sink,0.5,2.1059632746074612,208.25439453125,66.0
llama,5,paged_precision,recent,0.5,1.9453182317808597,208.25439453125,66.0
llama,5,paged_precision,attention_ema,0.5,1.9395224986124902,208.25439453125,66.0
llama,5,tq3,,,1.9611046898079394,208.2509765625,0.0
llama,5,tq4,,1.0,1.9272544832391887,274.251953125,0.0
llama,6,bf16,,,1.5666191590663434,1056.0,0.0
llama,6,tq2,,,1.910473043152507,142.25048828125,0.0
llama,6,paged_precision,,0.0,1.9217996290287829,142.25439453125,0.0
llama,6,paged_precision,sink,0.1,1.8797835456300689,155.75439453125,118.5
llama,6,paged_precision,recent,0.1,1.6094967622977236,155.75439453125,118.5
llama,6,paged_precision,attention_ema,0.1,1.625001276184122,155.75439453125,118.5
llama,6,paged_precision,sink,0.25,1.8898893552087301,175.25439453125,99.0
llama,6,paged_precision,recent,0.25,1.6011253620166235,175.25439453125,99.0
llama,6,paged_precision,attention_ema,0.25,1.5899982423456613,175.25439453125,99.0
llama,6,paged_precision,sink,0.5,1.8906201477612257,208.25439453125,66.0
llama,6,paged_precision,recent,0.5,1.6007845757285057,208.25439453125,66.0
llama,6,paged_precision,attention_ema,0.5,1.5772799799336603,208.25439453125,66.0
llama,6,tq3,,,1.6126439967004274,208.2509765625,0.0
llama,6,tq4,,1.0,1.5793349996771262,274.251953125,0.0
llama,7,bf16,,,2.0832764542724007,1056.0,0.0
llama,7,tq2,,,2.443125160181367,142.25048828125,0.0
llama,7,paged_precision,,0.0,2.4868198078310115,142.25439453125,0.0
llama,7,paged_precision,sink,0.1,2.3782560797868797,155.75439453125,118.5
llama,7,paged_precision,recent,0.1,2.126275397595286,155.75439453125,118.5
llama,7,paged_precision,attention_ema,0.1,2.1030867866493708,155.75439453125,118.5
llama,7,paged_precision,sink,0.25,2.371238325705235,175.25439453125,99.0
llama,7,paged_precision,recent,0.25,2.124777820479295,175.25439453125,99.0
llama,7,paged_precision,attention_ema,0.25,2.1075806403483384,175.25439453125,99.0
llama,7,paged_precision,sink,0.5,2.371932804273257,208.25439453125,66.0
llama,7,paged_precision,recent,0.5,2.1178820909717544,208.25439453125,66.0
llama,7,paged_precision,attention_ema,0.5,2.115401023672556,208.25439453125,66.0
llama,7,tq3,,,2.1484736597167284,208.2509765625,0.0
llama,7,tq4,,1.0,2.108036282759029,274.251953125,0.0
llama,8,bf16,,,1.2336477768522816,1056.0,0.0
llama,8,tq2,,,1.6208979241912083,142.25048828125,0.0
llama,8,paged_precision,,0.0,1.610572095182249,142.25439453125,0.0
llama,8,paged_precision,sink,0.1,1.4899993901693112,155.75439453125,118.5
llama,8,paged_precision,recent,0.1,1.300814274208971,155.75439453125,118.5
llama,8,paged_precision,attention_ema,0.1,1.2404721832766032,155.75439453125,118.5
llama,8,paged_precision,sink,0.25,1.555680696002966,175.25439453125,99.0
llama,8,paged_precision,recent,0.25,1.288773844014841,175.25439453125,99.0
llama,8,paged_precision,attention_ema,0.25,1.2374203356399294,175.25439453125,99.0
llama,8,paged_precision,sink,0.5,1.4915076649531827,208.25439453125,66.0
llama,8,paged_precision,recent,0.5,1.2832860116951936,208.25439453125,66.0
llama,8,paged_precision,attention_ema,0.5,1.236449898831446,208.25439453125,66.0
llama,8,tq3,,,1.3029244395722515,208.2509765625,0.0
llama,8,tq4,,1.0,1.2397220306439913,274.251953125,0.0
llama,9,bf16,,,2.234329960820048,1056.0,0.0
llama,9,tq2,,,2.5283169892809383,142.25048828125,0.0
llama,9,paged_precision,,0.0,2.551568923947343,142.25439453125,0.0
llama,9,paged_precision,sink,0.1,2.4884977504057133,155.75439453125,118.5
llama,9,paged_precision,recent,0.1,2.329062839694984,155.75439453125,118.5
llama,9,paged_precision,attention_ema,0.1,2.292703950652367,155.75439453125,118.5
llama,9,paged_precision,sink,0.25,2.494255777980925,175.25439453125,99.0
llama,9,paged_precision,recent,0.25,2.3086316011838335,175.25439453125,99.0
llama,9,paged_precision,attention_ema,0.25,2.2828877158469822,175.25439453125,99.0
llama,9,paged_precision,sink,0.5,2.4934673391867364,208.25439453125,66.0
llama,9,paged_precision,recent,0.5,2.3154918444416808,208.25439453125,66.0
llama,9,paged_precision,attention_ema,0.5,2.2733572964277187,208.25439453125,66.0
llama,9,tq3,,,2.28406385842311,208.2509765625,0.0
llama,9,tq4,,1.0,2.2506701487772602,274.251953125,0.0
llama,10,bf16,,,2.4086105871948575,1056.0,0.0
llama,10,tq2,,,2.7176240845715256,142.25048828125,0.0
llama,10,paged_precision,,0.0,2.7341000825350648,142.25439453125,0.0
llama,10,paged_precision,sink,0.1,2.6968073426270394,155.75439453125,118.5
llama,10,paged_precision,recent,0.1,2.4881068829230344,155.75439453125,118.5
llama,10,paged_precision,attention_ema,0.1,2.46331600211613,155.75439453125,118.5
llama,10,paged_precision,sink,0.25,2.6990487459873975,175.25439453125,99.0
llama,10,paged_precision,recent,0.25,2.4682625234885336,175.25439453125,99.0
llama,10,paged_precision,attention_ema,0.25,2.447428452179679,175.25439453125,99.0
llama,10,paged_precision,sink,0.5,2.691149293376384,208.25439453125,66.0
llama,10,paged_precision,recent,0.5,2.4453125037759946,208.25439453125,66.0
llama,10,paged_precision,attention_ema,0.5,2.433044945718848,208.25439453125,66.0
llama,10,tq3,,,2.4663153223407335,208.2509765625,0.0
llama,10,tq4,,1.0,2.420212494271823,274.251953125,0.0
llama,11,bf16,,,1.8328573943534643,1056.0,0.0
llama,11,tq2,,,2.077517091888467,142.25048828125,0.0
llama,11,paged_precision,,0.0,2.0573481431475216,142.25439453125,0.0
llama,11,paged_precision,sink,0.1,2.092864338360755,155.75439453125,118.5
llama,11,paged_precision,recent,0.1,1.87383928224315,155.75439453125,118.5
llama,11,paged_precision,attention_ema,0.1,1.8492996656144385,155.75439453125,118.5
llama,11,paged_precision,sink,0.25,2.0606177693121026,175.25439453125,99.0
llama,11,paged_precision,recent,0.25,1.849112137102047,175.25439453125,99.0
llama,11,paged_precision,attention_ema,0.25,1.8450516023428563,175.25439453125,99.0
llama,11,paged_precision,sink,0.5,2.073693067844829,208.25439453125,66.0
llama,11,paged_precision,recent,0.5,1.857785796895275,208.25439453125,66.0
llama,11,paged_precision,attention_ema,0.5,1.8404420279634373,208.25439453125,66.0
llama,11,tq3,,,1.8930160243821348,208.2509765625,0.0
llama,11,tq4,,1.0,1.8417813594880172,274.251953125,0.0
llama,12,bf16,,,1.6668483528258662,1056.0,0.0
llama,12,tq2,,,1.9547220563508176,142.25048828125,0.0
llama,12,paged_precision,,0.0,1.903969250496658,142.25439453125,0.0
llama,12,paged_precision,sink,0.1,1.904463047517197,155.75439453125,118.5
llama,12,paged_precision,recent,0.1,1.7025401369913453,155.75439453125,118.5
llama,12,paged_precision,attention_ema,0.1,1.6786991080781135,155.75439453125,118.5
llama,12,paged_precision,sink,0.25,1.9166239732530954,175.25439453125,99.0
llama,12,paged_precision,recent,0.25,1.6895763836089799,175.25439453125,99.0
llama,12,paged_precision,attention_ema,0.25,1.6743388269717343,175.25439453125,99.0
llama,12,paged_precision,sink,0.5,1.8905832699230416,208.25439453125,66.0
llama,12,paged_precision,recent,0.5,1.6715908625859868,208.25439453125,66.0
llama,12,paged_precision,attention_ema,0.5,1.6577512216368717,208.25439453125,66.0
llama,12,tq3,,,1.719632461209926,208.2509765625,0.0
llama,12,tq4,,1.0,1.6728976862902556,274.251953125,0.0
llama,13,bf16,,,1.3368285819152277,1056.0,0.0
llama,13,tq2,,,1.5895862047250375,142.25048828125,0.0
llama,13,paged_precision,,0.0,1.6269240061897108,142.25439453125,0.0
llama,13,paged_precision,sink,0.1,1.5464810533085256,155.75439453125,118.5
llama,13,paged_precision,recent,0.1,1.330385643033253,155.75439453125,118.5
llama,13,paged_precision,attention_ema,0.1,1.351484043451805,155.75439453125,118.5
llama,13,paged_precision,sink,0.25,1.595626888423567,175.25439453125,99.0
llama,13,paged_precision,recent,0.25,1.3328487279754668,175.25439453125,99.0
llama,13,paged_precision,attention_ema,0.25,1.3598456696309569,175.25439453125,99.0
llama,13,paged_precision,sink,0.5,1.6188988878911914,208.25439453125,66.0
llama,13,paged_precision,recent,0.5,1.3419959412632778,208.25439453125,66.0
llama,13,paged_precision,attention_ema,0.5,1.3558347151156198,208.25439453125,66.0
llama,13,tq3,,,1.3761056338536264,208.2509765625,0.0
llama,13,tq4,,1.0,1.358851318396404,274.251953125,0.0
llama,14,bf16,,,2.239011017522431,1056.0,0.0
llama,14,tq2,,,2.604311728702214,142.25048828125,0.0
llama,14,paged_precision,,0.0,2.639705699015394,142.25439453125,0.0
llama,14,paged_precision,sink,0.1,2.5098539394330146,155.75439453125,118.5
llama,14,paged_precision,recent,0.1,2.2813558906840914,155.75439453125,118.5
llama,14,paged_precision,attention_ema,0.1,2.263134266331006,155.75439453125,118.5
llama,14,paged_precision,sink,0.25,2.56325724711769,175.25439453125,99.0
llama,14,paged_precision,recent,0.25,2.2941957677037452,175.25439453125,99.0
llama,14,paged_precision,attention_ema,0.25,2.2548507931134685,175.25439453125,99.0
llama,14,paged_precision,sink,0.5,2.5247850273835866,208.25439453125,66.0
llama,14,paged_precision,recent,0.5,2.266021807769464,208.25439453125,66.0
llama,14,paged_precision,attention_ema,0.5,2.2506096373151756,208.25439453125,66.0
llama,14,tq3,,,2.309092965023922,208.2509765625,0.0
llama,14,tq4,,1.0,2.252993945428548,274.251953125,0.0
llama,15,bf16,,,1.2357421047731822,1056.0,0.0
llama,15,tq2,,,1.6039242362979422,142.25048828125,0.0
llama,15,paged_precision,,0.0,1.5426742014350623,142.25439453125,0.0
llama,15,paged_precision,sink,0.1,1.4916095707085617,155.75439453125,118.5
llama,15,paged_precision,recent,0.1,1.2749555770724337,155.75439453125,118.5
llama,15,paged_precision,attention_ema,0.1,1.2540751178178546,155.75439453125,118.5
llama,15,paged_precision,sink,0.25,1.4845339095594028,175.25439453125,99.0
llama,15,paged_precision,recent,0.25,1.279621627742729,175.25439453125,99.0
llama,15,paged_precision,attention_ema,0.25,1.2414096573091271,175.25439453125,99.0
llama,15,paged_precision,sink,0.5,1.4579483712650187,208.25439453125,66.0
llama,15,paged_precision,recent,0.5,1.2712640343761685,208.25439453125,66.0
llama,15,paged_precision,attention_ema,0.5,1.2423307659481786,208.25439453125,66.0
llama,15,tq3,,,1.283835641967172,208.2509765625,0.0
llama,15,tq4,,1.0,1.2406519173378001,274.251953125,0.0
llama,16,bf16,,,1.4460808774704645,1056.0,0.0
llama,16,tq2,,,1.8822180469063596,142.25048828125,0.0
llama,16,paged_precision,,0.0,1.8172451191810524,142.25439453125,0.0
llama,16,paged_precision,sink,0.1,1.7227610687015158,155.75439453125,118.5
llama,16,paged_precision,recent,0.1,1.4798153105954555,155.75439453125,118.5
llama,16,paged_precision,attention_ema,0.1,1.4736329959721104,155.75439453125,118.5
llama,16,paged_precision,sink,0.25,1.7283530622844978,175.25439453125,99.0
llama,16,paged_precision,recent,0.25,1.4724501517822048,175.25439453125,99.0
llama,16,paged_precision,attention_ema,0.25,1.4813628821595586,175.25439453125,99.0
llama,16,paged_precision,sink,0.5,1.6690049367297206,208.25439453125,66.0
llama,16,paged_precision,recent,0.5,1.4535324895835586,208.25439453125,66.0
llama,16,paged_precision,attention_ema,0.5,1.4617632395013374,208.25439453125,66.0
llama,16,tq3,,,1.4637919215010697,208.2509765625,0.0
llama,16,tq4,,1.0,1.4508068237118579,274.251953125,0.0
llama,17,bf16,,,1.8640623567930135,1056.0,0.0
llama,17,tq2,,,2.103858056327681,142.25048828125,0.0
llama,17,paged_precision,,0.0,2.1025940149959297,142.25439453125,0.0
llama,17,paged_precision,sink,0.1,2.0166797846734426,155.75439453125,118.5
llama,17,paged_precision,recent,0.1,1.9069974395280838,155.75439453125,118.5
llama,17,paged_precision,attention_ema,0.1,1.8799374171387626,155.75439453125,118.5
llama,17,paged_precision,sink,0.25,2.0045273554526375,175.25439453125,99.0
llama,17,paged_precision,recent,0.25,1.8961330968167829,175.25439453125,99.0
llama,17,paged_precision,attention_ema,0.25,1.8764318033107799,175.25439453125,99.0
llama,17,paged_precision,sink,0.5,2.037870952840194,208.25439453125,66.0
llama,17,paged_precision,recent,0.5,1.88488558921199,208.25439453125,66.0
llama,17,paged_precision,attention_ema,0.5,1.8749364100202115,208.25439453125,66.0
llama,17,tq3,,,1.9033628655704717,208.2509765625,0.0
llama,17,tq4,,1.0,1.8724791931530547,274.251953125,0.0
llama,18,bf16,,,2.3742543170291412,1056.0,0.0
llama,18,tq2,,,2.804465362561473,142.25048828125,0.0
llama,18,paged_precision,,0.0,2.755426816884892,142.25439453125,0.0
llama,18,paged_precision,sink,0.1,2.6658340569159122,155.75439453125,118.5
llama,18,paged_precision,recent,0.1,2.386783594755542,155.75439453125,118.5
llama,18,paged_precision,attention_ema,0.1,2.373244526676352,155.75439453125,118.5
llama,18,paged_precision,sink,0.25,2.6566503781346,175.25439453125,99.0
llama,18,paged_precision,recent,0.25,2.371335689249854,175.25439453125,99.0
llama,18,paged_precision,attention_ema,0.25,2.37485427023649,175.25439453125,99.0
llama,18,paged_precision,sink,0.5,2.663258147050101,208.25439453125,66.0
llama,18,paged_precision,recent,0.5,2.3837220423170464,208.25439453125,66.0
llama,18,paged_precision,attention_ema,0.5,2.372869186263621,208.25439453125,66.0
llama,18,tq3,,,2.425998847172778,208.2509765625,0.0
llama,18,tq4,,1.0,2.3797388814220355,274.251953125,0.0
llama,19,bf16,,,1.6942478176197113,1056.0,0.0
llama,19,tq2,,,1.9835232333700787,142.25048828125,0.0
llama,19,paged_precision,,0.0,1.9779064041779293,142.25439453125,0.0
llama,19,paged_precision,sink,0.1,1.9113581290574757,155.75439453125,118.5
llama,19,paged_precision,recent,0.1,1.7329972982537925,155.75439453125,118.5
llama,19,paged_precision,attention_ema,0.1,1.7398475166834544,155.75439453125,118.5
llama,19,paged_precision,sink,0.25,1.9175708806133684,175.25439453125,99.0
llama,19,paged_precision,recent,0.25,1.7300002005345476,175.25439453125,99.0
llama,19,paged_precision,attention_ema,0.25,1.72249434613623,175.25439453125,99.0
llama,19,paged_precision,sink,0.5,1.876733503478988,208.25439453125,66.0
llama,19,paged_precision,recent,0.5,1.720587285872611,208.25439453125,66.0
llama,19,paged_precision,attention_ema,0.5,1.7161519812085118,208.25439453125,66.0
llama,19,tq3,,,1.7349653416955277,208.2509765625,0.0
llama,19,tq4,,1.0,1.7013286093678772,274.251953125,0.0
llama,20,bf16,,,2.0667343945678454,1056.0,0.0
llama,20,tq2,,,2.3708111043201825,142.25048828125,0.0
llama,20,paged_precision,,0.0,2.3164376485387947,142.25439453125,0.0
llama,20,paged_precision,sink,0.1,2.2771120601532857,155.75439453125,118.5
llama,20,paged_precision,recent,0.1,2.102895517965351,155.75439453125,118.5
llama,20,paged_precision,attention_ema,0.1,2.085961383310064,155.75439453125,118.5
llama,20,paged_precision,sink,0.25,2.2634992716284614,175.25439453125,99.0
llama,20,paged_precision,recent,0.25,2.0882263008826385,175.25439453125,99.0
llama,20,paged_precision,attention_ema,0.25,2.0730111581393658,175.25439453125,99.0
llama,20,paged_precision,sink,0.5,2.2762071783645297,208.25439453125,66.0
llama,20,paged_precision,recent,0.5,2.094327744999873,208.25439453125,66.0
llama,20,paged_precision,attention_ema,0.5,2.0788623474595056,208.25439453125,66.0
llama,20,tq3,,,2.106677988458955,208.2509765625,0.0
llama,20,tq4,,1.0,2.0831245372903595,274.251953125,0.0
llama,21,bf16,,,2.395785764817944,1056.0,0.0
llama,21,tq2,,,2.76824999155815,142.25048828125,0.0
llama,21,paged_precision,,0.0,2.7729291130277716,142.25439453125,0.0
llama,21,paged_precision,sink,0.1,2.697561035404192,155.75439453125,118.5
llama,21,paged_precision,recent,0.1,2.445194137407725,155.75439453125,118.5
llama,21,paged_precision,attention_ema,0.1,2.4265285745233314,155.75439453125,118.5
llama,21,paged_precision,sink,0.25,2.6283292372516485,175.25439453125,99.0
llama,21,paged_precision,recent,0.25,2.4358111209013487,175.25439453125,99.0
llama,21,paged_precision,attention_ema,0.25,2.411191863218903,175.25439453125,99.0
llama,21,paged_precision,sink,0.5,2.6251329686826352,208.25439453125,66.0
llama,21,paged_precision,recent,0.5,2.438202753655446,208.25439453125,66.0
llama,21,paged_precision,attention_ema,0.5,2.400683535870513,208.25439453125,66.0
llama,21,tq3,,,2.4657846193663033,208.2509765625,0.0
llama,21,tq4,,1.0,2.4091740118928726,274.251953125,0.0
llama,22,bf16,,,1.8498310609280395,1056.0,0.0
llama,22,tq2,,,2.0985235983960138,142.25048828125,0.0
llama,22,paged_precision,,0.0,2.0429318166858366,142.25439453125,0.0
llama,22,paged_precision,sink,0.1,2.025197142190926,155.75439453125,118.5
llama,22,paged_precision,recent,0.1,1.8836487089678329,155.75439453125,118.5
llama,22,paged_precision,attention_ema,0.1,1.8651370112955803,155.75439453125,118.5
llama,22,paged_precision,sink,0.25,2.0078613547541977,175.25439453125,99.0
llama,22,paged_precision,recent,0.25,1.8667430464265031,175.25439453125,99.0
llama,22,paged_precision,attention_ema,0.25,1.867568537192457,175.25439453125,99.0
llama,22,paged_precision,sink,0.5,2.028974535159705,208.25439453125,66.0
llama,22,paged_precision,recent,0.5,1.850621814985871,208.25439453125,66.0
llama,22,paged_precision,attention_ema,0.5,1.856632901569327,208.25439453125,66.0
llama,22,tq3,,,1.9045767359873818,208.2509765625,0.0
llama,22,tq4,,1.0,1.8541549703300007,274.251953125,0.0
llama,23,bf16,,,1.6241775637116493,1056.0,0.0
llama,23,tq2,,,1.9486144911275005,142.25048828125,0.0
llama,23,paged_precision,,0.0,1.956727921855645,142.25439453125,0.0
llama,23,paged_precision,sink,0.1,1.8784789767384495,155.75439453125,118.5
llama,23,paged_precision,recent,0.1,1.7454222020828993,155.75439453125,118.5
llama,23,paged_precision,attention_ema,0.1,1.672100032102322,155.75439453125,118.5
llama,23,paged_precision,sink,0.25,1.8053099312608367,175.25439453125,99.0
llama,23,paged_precision,recent,0.25,1.7256022309337276,175.25439453125,99.0
llama,23,paged_precision,attention_ema,0.25,1.6559058845988126,175.25439453125,99.0
llama,23,paged_precision,sink,0.5,1.8671367883214884,208.25439453125,66.0
llama,23,paged_precision,recent,0.5,1.7119935425615633,208.25439453125,66.0
llama,23,paged_precision,attention_ema,0.5,1.6648537884900119,208.25439453125,66.0
llama,23,tq3,,,1.7059310868255366,208.2509765625,0.0
llama,23,tq4,,1.0,1.6511024039730913,274.251953125,0.0
llama,24,bf16,,,2.034569374155467,1056.0,0.0
llama,24,tq2,,,2.4348164206721776,142.25048828125,0.0
llama,24,paged_precision,,0.0,2.410095235616609,142.25439453125,0.0
llama,24,paged_precision,sink,0.1,2.3945481654101286,155.75439453125,118.5
llama,24,paged_precision,recent,0.1,2.1173860291188475,155.75439453125,118.5
llama,24,paged_precision,attention_ema,0.1,2.0829968471039706,155.75439453125,118.5
llama,24,paged_precision,sink,0.25,2.3855075125246685,175.25439453125,99.0
llama,24,paged_precision,recent,0.25,2.0991680204473937,175.25439453125,99.0
llama,24,paged_precision,attention_ema,0.25,2.071144477947115,175.25439453125,99.0
llama,24,paged_precision,sink,0.5,2.3544383235225723,208.25439453125,66.0
llama,24,paged_precision,recent,0.5,2.089040192611037,208.25439453125,66.0
llama,24,paged_precision,attention_ema,0.5,2.0823897088950503,208.25439453125,66.0
llama,24,tq3,,,2.103514530859229,208.2509765625,0.0
llama,24,tq4,,1.0,2.062550704254491,274.251953125,0.0
llama,25,bf16,,,1.1714020290112543,1056.0,0.0
llama,25,tq2,,,1.5959716805755289,142.25048828125,0.0
llama,25,paged_precision,,0.0,1.5326615844763278,142.25439453125,0.0
llama,25,paged_precision,sink,0.1,1.4876973740781505,155.75439453125,118.5
llama,25,paged_precision,recent,0.1,1.1999338115622242,155.75439453125,118.5
llama,25,paged_precision,attention_ema,0.1,1.1862881850398495,155.75439453125,118.5
llama,25,paged_precision,sink,0.25,1.436973716109831,175.25439453125,99.0
llama,25,paged_precision,recent,0.25,1.187062501293366,175.25439453125,99.0
llama,25,paged_precision,attention_ema,0.25,1.1724051054734437,175.25439453125,99.0
llama,25,paged_precision,sink,0.5,1.4145528730965662,208.25439453125,66.0
llama,25,paged_precision,recent,0.5,1.1938441386098546,208.25439453125,66.0
llama,25,paged_precision,attention_ema,0.5,1.1751938893708278,208.25439453125,66.0
llama,25,tq3,,,1.253489670233142,208.2509765625,0.0
llama,25,tq4,,1.0,1.185948038622838,274.251953125,0.0
llama,26,bf16,,,1.6770285456750713,1056.0,0.0
llama,26,tq2,,,1.994900727172535,142.25048828125,0.0
llama,26,paged_precision,,0.0,1.9589168905080214,142.25439453125,0.0
llama,26,paged_precision,sink,0.1,1.961251205269491,155.75439453125,118.5
llama,26,paged_precision,recent,0.1,1.7450336626486234,155.75439453125,118.5
llama,26,paged_precision,attention_ema,0.1,1.7126276004691405,155.75439453125,118.5
llama,26,paged_precision,sink,0.25,1.9139687967506234,175.25439453125,99.0
llama,26,paged_precision,recent,0.25,1.7308954248242046,175.25439453125,99.0
llama,26,paged_precision,attention_ema,0.25,1.6855605081332214,175.25439453125,99.0
llama,26,paged_precision,sink,0.5,1.9147627991835634,208.25439453125,66.0
llama,26,paged_precision,recent,0.5,1.7203952953118176,208.25439453125,66.0
llama,26,paged_precision,attention_ema,0.5,1.6832534066393379,208.25439453125,66.0
llama,26,tq3,,,1.73127463132775,208.2509765625,0.0
llama,26,tq4,,1.0,1.681630971496773,274.251953125,0.0
llama,27,bf16,,,1.1930812417883274,1056.0,0.0
llama,27,tq2,,,1.3749259571004586,142.25048828125,0.0
llama,27,paged_precision,,0.0,1.4047723411190418,142.25439453125,0.0
llama,27,paged_precision,sink,0.1,1.3718010292554936,155.75439453125,118.5
llama,27,paged_precision,recent,0.1,1.2075300366646182,155.75439453125,118.5
llama,27,paged_precision,attention_ema,0.1,1.2124450663404573,155.75439453125,118.5
llama,27,paged_precision,sink,0.25,1.3690635247087357,175.25439453125,99.0
llama,27,paged_precision,recent,0.25,1.2099734902201362,175.25439453125,99.0
llama,27,paged_precision,attention_ema,0.25,1.208829755094186,175.25439453125,99.0
llama,27,paged_precision,sink,0.5,1.3700383035088635,208.25439453125,66.0
llama,27,paged_precision,recent,0.5,1.2009544480288383,208.25439453125,66.0
llama,27,paged_precision,attention_ema,0.5,1.194907970354393,208.25439453125,66.0
llama,27,tq3,,,1.2261152070110768,208.2509765625,0.0
llama,27,tq4,,1.0,1.1978785798748035,274.251953125,0.0
llama,28,bf16,,,1.5271582566876845,1056.0,0.0
llama,28,tq2,,,1.6901771537663421,142.25048828125,0.0
llama,28,paged_precision,,0.0,1.6964183177103678,142.25439453125,0.0
llama,28,paged_precision,sink,0.1,1.6964657008167592,155.75439453125,118.5
llama,28,paged_precision,recent,0.1,1.581213344394783,155.75439453125,118.5
llama,28,paged_precision,attention_ema,0.1,1.5631496736775077,155.75439453125,118.5
llama,28,paged_precision,sink,0.25,1.6798821153906829,175.25439453125,99.0
llama,28,paged_precision,recent,0.25,1.5733108496388226,175.25439453125,99.0
llama,28,paged_precision,attention_ema,0.25,1.5593153589435218,175.25439453125,99.0
llama,28,paged_precision,sink,0.5,1.7028678443879244,208.25439453125,66.0
llama,28,paged_precision,recent,0.5,1.5563355067121787,208.25439453125,66.0
llama,28,paged_precision,attention_ema,0.5,1.5544972813837177,208.25439453125,66.0
llama,28,tq3,,,1.5680893000410663,208.2509765625,0.0
llama,28,tq4,,1.0,1.5264481043305196,274.251953125,0.0
llama,29,bf16,,,1.4534977874437622,1056.0,0.0
llama,29,tq2,,,1.7316035878079674,142.25048828125,0.0
llama,29,paged_precision,,0.0,1.6671689791086237,142.25439453125,0.0
llama,29,paged_precision,sink,0.1,1.64632483112905,155.75439453125,118.5
llama,29,paged_precision,recent,0.1,1.5037657966484517,155.75439453125,118.5
llama,29,paged_precision,attention_ema,0.1,1.4609045982320765,155.75439453125,118.5
llama,29,paged_precision,sink,0.25,1.654790034197731,175.25439453125,99.0
llama,29,paged_precision,recent,0.25,1.486371055934768,175.25439453125,99.0
llama,29,paged_precision,attention_ema,0.25,1.4735632381281647,175.25439453125,99.0
llama,29,paged_precision,sink,0.5,1.6537227294340937,208.25439453125,66.0
llama,29,paged_precision,recent,0.5,1.4747672878592084,208.25439453125,66.0
llama,29,paged_precision,attention_ema,0.5,1.4739532951258099,208.25439453125,66.0
llama,29,tq3,,,1.5134477069914283,208.2509765625,0.0
llama,29,tq4,,1.0,1.456103592951692,274.251953125,0.0
